,grayscale_ent,grayscale_ent_devN2,grayscale_std,grayscale_std_devN2,grayscale_skew,grayscale_skew_devN2,saturation_ent,saturation_ent_devN2,saturation_std,saturation_std_devN2,saturation_skew,saturation_skew_devN2,labels,file_names
0,5.261650299,2.568671716,10.74993537,14.96979866,0.643676908,1.359966985,4.387441839,0.369516221,5.146367887,1.282870873,-0.481769499,1.038391628,0,_PBD_1_120sp_x100_2 [Published].jpg
1,4.345196089,1.610537892,5.196650253,4.973318199,0.602380609,1.391951365,4.096751816,0.565900121,4.159462091,1.513714864,-0.234047075,0.446198225,0,_PBD_1_120sp_x10_1 [Published].jpg
2,4.948776716,2.238595641,8.32030576,10.55738262,0.540103744,1.144067075,3.920245324,0.300242661,3.674806277,0.761679202,0.14456205,0.405025859,0,_PBD_1_160sp_x10_1 [Published].jpg
3,4.571166897,1.916213789,6.145754321,6.724259027,0.542779544,1.375444313,3.906038309,0.472796919,3.647591263,1.1015891,-0.242135731,0.584951967,0,_PBD_1_80sp_x10_1 [Published].jpg
5,5.716949683,0.702207874,17.15739007,7.270256832,2.255541715,0.261731793,6.338402819,0.236571086,19.82620432,3.344070814,0.161557308,0.180096332,2,_PBD_1_120sp_2h80C_x10_1 [Published].jpg
6,5.299215098,1.247322362,16.78582089,10.08529933,3.298902922,3.389744565,5.901811017,0.683987002,15.82009035,8.219242235,0.827802989,0.933616833,2,_PBD_1_120sp_2h80C_x10_2 [Published].jpg
7,5.147339101,0.778560213,11.95266807,6.479337565,3.373956198,2.457707421,5.902775273,0.43627036,14.69866352,4.797587078,0.401468527,0.316304904,2,_PBD_1_120sp_30min100C_x10_1 [Published].jpg
8,6.231282179,1.353755134,21.21993612,14.95831908,1.362902886,1.891067807,6.044720897,1.54024953,16.6051205,12.3838907,0.046466278,2.493525004,2,_PBD_1_160sp_19h80C_x10_3 [Published].jpg
9,6.686267551,0.64713735,25.91612797,10.48124482,0.338708903,0.324831139,6.356424436,0.473542935,21.44406821,4.720151262,0.108663734,0.933866055,2,_PBD_1_160sp_2h100C_x10_3 [Published].jpg
10,5.89274153,0.622774024,16.8950398,8.25374936,1.164189882,0.997976909,5.41927488,1.056250481,12.41631384,5.759374379,-0.491115247,1.742568316,2,_PBD_1_160sp_2h80C_x10_3 [Published].jpg
11,5.116651478,0.858085886,11.12242748,5.732776075,2.360693288,3.013401844,4.933236173,1.064582979,8.383442933,4.785024946,1.436685152,4.497557087,2,_PBD_1_160sp_30m80C_x10_3 [Published].jpg
12,5.278535107,1.444349226,11.64830624,9.374797,1.657098718,2.964427237,4.854546307,1.213624559,7.897155094,5.118241572,1.334169346,4.517800296,2,_PBD_1_160sp_30m80C_x10_4 [Published].jpg
13,5.763634995,1.277686946,16.46787696,11.06346836,1.752514803,1.730764872,5.827142052,0.269508216,13.9693461,2.983528655,0.358064116,0.560011562,2,_PBD_1_160sp_6h100C_x10_1 [Published].jpg
14,5.921405616,0.683414836,18.12228193,8.133810131,1.192787314,1.447392152,5.683212142,0.767508263,13.00418037,7.096675721,0.750411836,0.714651947,2,_PBD_1_160sp_6h100C_x10_3 [Published].jpg
15,5.975613845,0.982387711,17.60851998,13.72423745,1.409760007,1.786362974,5.168543758,0.595960115,12.83561418,3.942878135,-2.629663577,1.027700783,2,_PBD_1_80sp_2h80C_x10_1 [Published].jpg
16,6.331427246,1.597659212,26.17600395,30.15602352,1.5855089,1.266585698,6.372051882,0.357653695,21.04095539,6.718357156,0.207044065,0.404923386,3,_PBD_1_120sp_20m100C_x10_4 [Published].jpg
17,6.840114673,0.939932475,35.25517474,17.28849677,0.640368998,1.556532462,6.5195234,0.243221849,23.99694494,4.421811808,-0.012993283,0.364167102,3,_PBD_1_120sp_2h100C_x10_3 [Published].jpg
18,6.391571078,1.034278426,24.36835481,14.02843093,1.102961646,0.715471433,6.462085995,0.162271006,23.20372624,3.602949586,-0.039988973,0.361026832,3,_PBD_1_120sp_2h100C_x10_4 [Published].jpg
19,6.529430551,0.830649616,24.03887084,14.14715178,0.70639407,0.639511196,6.408581509,0.354336119,21.54748845,4.044542144,0.187035415,0.537596072,3,_PBD_1_160sp_2h100C_x10_2 [Published].jpg
20,6.714303079,0.588212715,27.34909022,11.35938774,0.44596586,0.625613157,6.430102738,0.641104184,24.36391083,11.50940726,0.747175458,1.089091909,3,_PBD_1_160sp_30min100C_x10_3 [Published].jpg
21,6.620207922,1.23268605,33.12981701,11.19064756,1.077036284,1.428927371,6.069984621,0.400548202,17.20841032,3.962249707,0.293054236,0.626737235,3,_PBD_1_80sp_10m100C_x10_3 [Published].jpg
22,6.625767329,1.051035857,29.05150928,15.63500183,0.90047106,0.915362464,6.016392968,0.398756585,17.17229421,3.724067865,-0.111014202,0.622720889,3,_PBD_1_80sp_10m100C_x10_4 [Published].jpg
23,6.665904225,1.319607165,30.26435385,32.49313828,1.080761729,2.196158208,5.922397442,0.634108227,17.02277358,6.53047088,-1.104239998,1.629655722,3,_PBD_1_80sp_19h80C_30m125C_x10_4 [Published].jpg
24,6.784511121,0.681756899,29.59323623,7.404325463,0.428574388,0.998045694,6.183461443,0.258678681,19.99319286,2.414294056,-0.822858842,0.731285768,3,_PBD_1_80sp_19h80C_30m125C_x10_5 [Published].jpg
25,6.323891253,0.473990777,23.72387156,11.90718494,1.643101933,1.430491801,5.71539108,0.500578422,16.91154429,5.710171244,-1.750234872,0.790929726,3,_PBD_1_80sp_20m100C_x10_2 [Published].jpg
26,6.411811715,1.068390803,27.41448995,20.88493875,1.258938053,1.296426201,5.823983179,0.834382844,18.71061666,8.758920369,-1.366798388,1.841228288,3,_PBD_1_80sp_20m100C_x10_3 [Published].jpg
27,5.426415484,1.251028558,17.72173755,12.99300689,3.06138173,2.670212267,5.18249501,0.818320775,10.54742466,4.883806566,-1.294373373,1.533559256,3,_PBD_1_80sp_2m100C_x10_1 [Published].jpg
28,5.376246237,1.130748409,18.29993614,13.61224815,3.064835432,2.489030352,5.128321869,0.659742681,10.82605324,5.365387505,-1.625145389,1.524548928,3,_PBD_1_80sp_2m100C_x10_2 [Published].jpg
29,5.608504316,1.754347082,20.13386944,25.97871701,2.579281483,3.437237395,5.341994551,0.829201708,12.07145656,9.391375125,-1.399651854,1.171900626,3,_PBD_1_80sp_2m100C_x10_3 [Published].jpg
30,5.818302632,1.835120688,21.23119765,23.40808995,2.514481121,2.945250796,5.49423597,1.012772767,12.19325596,8.493283235,-0.76853331,1.143641876,3,_PBD_1_80sp_3m100C_x10_1 [Published].jpg
31,5.843757039,1.538707352,23.6286149,23.19534755,2.320343761,2.285302802,5.421481214,0.830614663,12.70373929,9.378488024,-1.118740053,0.710777948,3,_PBD_1_80sp_3m100C_x10_2 [Published].jpg
32,6.323445405,1.397146072,30.24137381,18.62098449,1.363711125,1.755827313,5.950233843,0.459510696,16.2914824,4.571424713,-0.185393242,0.696675446,3,_PBD_1_80sp_3m100C_x10_3 [Published].jpg
33,5.878039743,2.039290088,31.22020149,30.40748366,1.723817101,3.264858317,5.790351223,1.14157177,15.87502191,10.09977126,-0.623488004,1.594369045,3,_PBD_1_80sp_3m100C_x10_4 [Published].jpg
34,5.429005266,1.276620083,20.28906543,17.55945768,2.338304954,1.457251524,5.229730805,0.924365881,13.43169989,7.186881974,-1.598883418,1.716483167,3,_PBD_1_80sp_5m100C_x10_1 [Published].jpg
35,5.308554189,1.47431112,22.00261745,23.60430831,2.768618968,2.402065713,4.989548804,0.536704572,12.5914119,8.525211781,-2.103091314,1.360251932,3,_PBD_1_80sp_5m100C_x10_2 [Published].jpg
36,5.620056728,1.252555396,24.64144535,13.52918243,1.896602102,2.352221824,5.26379705,0.81366857,15.13115638,7.12272668,-1.568880936,1.201208349,3,_PBD_1_80sp_5m100C_x10_3 [Published].jpg
37,5.334649729,1.058804761,19.28481442,12.78064434,2.514702772,1.583807126,5.142693547,0.692445401,13.13361195,6.54341481,-1.8778379,1.496065049,3,_PBD_1_80sp_5m100C_x10_4 [Published].jpg
38,6.536755603,1.643827645,32.79806811,34.07608462,1.243467664,2.283099532,6.41301436,0.338301543,22.0406767,5.731955898,0.202783332,0.313725697,3,_PBD_1_=120sp_1h100C_x10_1 [Published].jpg
39,6.651884861,1.430538863,35.96788272,26.4729225,0.910266878,2.552121713,6.414541844,0.332278787,22.21995753,5.4886708,0.242770264,0.522423862,3,_PBD_1_=120sp_1h100C_x10_2 [Published].jpg
40,6.701553002,1.781858891,34.52544258,30.40012459,0.904078185,1.708974162,6.410438704,0.324059733,22.45594387,5.524125118,0.213722293,0.548962899,3,_PBD_1_=120sp_1h100C_x10_3 [Published].jpg
41,6.767765815,1.303285864,31.00416844,15.24185684,-0.077135418,1.24059344,6.356941047,0.841315827,32.11255985,4.224299425,0.11298018,1.611573675,4,_PBD_1_120sp_10m100C_x10_2 [Published].jpg
42,6.760361938,1.038636526,27.76411887,13.81150657,-0.100597165,0.759071823,6.608289212,0.308348131,29.19717094,5.566519419,0.164369192,0.933267172,4,_PBD_1_120sp_10m100C_x10_3 [Published].jpg
43,6.701128221,1.729404189,30.10945969,22.29873993,0.519936478,2.451459683,6.537596127,0.193551393,23.49553641,2.735442762,-0.121104853,0.464604828,4,_PBD_1_120sp_2h100C_x10_1 [Published].jpg
44,6.674676608,2.092268877,33.09316647,24.69137043,-0.727571759,2.050828561,6.005174608,1.517674218,19.47110732,10.30150153,0.385823523,1.190963856,4,_PBD_1_120sp_2h100C_x10_2 [Published].jpg
45,6.523021616,1.014187254,23.50775207,11.34939196,0.177061273,1.000296433,6.516263273,0.664525618,28.12316837,10.82059031,-0.303008568,1.691091912,4,_PBD_1_160sp_10m100C_x10_1 [Published].jpg
46,6.668832547,1.451265395,26.7961456,20.72073184,0.080367055,1.347379694,6.587732137,0.884403992,28.45843798,7.368659306,0.141099959,1.979948475,4,_PBD_1_160sp_10m100C_x10_2 [Published].jpg
47,6.554628015,0.997032678,23.9260819,11.52044615,-0.12778218,1.446034431,6.69999608,0.533029785,31.52173618,8.046899532,0.06304058,1.563303625,4,_PBD_1_160sp_10m100C_x10_3 [Published].jpg
48,6.229369801,2.113359786,23.76780623,16.01601318,-0.93770803,1.222780439,6.191705404,1.750416532,23.06970433,17.47361928,0.557386344,1.492658288,4,_PBD_1_160sp_20m100C_x10_1 [Published].jpg
49,6.633105675,0.957610889,26.82799181,13.25276306,-0.539840285,0.393502856,6.624104893,0.591542836,27.72747774,5.738413552,0.411792793,0.274221439,4,_PBD_1_160sp_20m100C_x10_2 [Published].jpg
50,6.564103179,1.807649344,36.11417629,18.54274682,0.357746936,2.094876371,5.96076501,0.551449362,21.49992785,7.663456711,0.149114387,1.559534316,4,_PBD_1_80sp_10m100C_x10_1 [Published].jpg
51,6.670300443,1.026430449,35.30979313,21.1928748,0.974091388,1.214552446,6.193314541,0.404686489,19.04634657,5.783125826,0.353317448,0.394598719,4,_PBD_1_80sp_10m100C_x10_2 [Published].jpg
52,6.694643761,1.245241681,28.89628667,19.12112155,0.150543182,1.397381606,6.210791669,0.496426919,19.62203444,4.395535402,-0.450474209,1.132463118,4,_PBD_1_80sp_19h80C_30m125C_x10_1 [Published].jpg
53,6.445276786,1.274496437,26.71194302,26.52691917,0.924455347,1.768050547,6.107001511,0.520000554,19.60966579,5.329645997,-0.917194134,1.187201264,4,_PBD_1_80sp_19h80C_30m125C_x10_2 [Published].jpg
54,6.660236497,1.544693332,31.22986764,21.49076211,0.068545392,2.974310635,6.043839752,1.357809789,17.3695008,10.88185215,-0.334377587,1.805313096,4,_PBD_1_80sp_19h80C_30m125C_x10_3 [Published].jpg
55,6.679521773,1.56526457,27.58882362,17.33979741,-0.194323044,1.518888185,6.094233705,0.973499097,18.7362067,6.817422961,-0.153283049,1.640918086,4,_PBD_1_80sp_19h80C_30m125C_x10_6 [Published].jpg
56,6.671986327,1.442960746,33.62750366,14.50273209,0.197164913,1.443498266,6.052518693,0.47469173,21.58910258,3.428229483,-0.275127802,1.101194409,4,_PBD_1_80sp_20m100C_x10_4 [Published].jpg
57,6.784088566,0.860386688,29.34019698,13.73410312,0.222491626,0.85965238,6.381543458,0.284670427,21.51514625,4.946986883,-0.518154695,0.261602235,4,_PBD_1_80sp_20m125C_x10_1 [Published].jpg
58,6.632417236,1.165274848,31.27458781,13.67786045,-0.023754847,1.351990923,6.237144464,0.362531896,23.0750619,2.818330941,-0.126711823,1.251261975,4,_PBD_1_80sp_2h100C_x10_1 [Published].jpg
59,6.379058793,1.627305789,26.48062,14.42410799,-0.801358823,0.974741387,5.853694489,0.793307137,18.2501443,5.794005095,0.17519919,0.588276582,4,_PBD_1_80sp_2h100C_x10_2 [Published].jpg
60,6.448094631,1.232135911,28.08003536,12.04433621,-0.769625457,0.665322027,5.897932601,0.485857689,19.55671727,4.941118605,0.458947265,0.550036078,4,_PBD_1_80sp_2h100C_x10_3 [Published].jpg
61,6.530893612,1.248058103,29.45294209,13.00815257,-0.079620038,1.271233712,6.230366279,0.513679714,23.07994322,6.71756528,-0.169299884,0.926395066,4,_PBD_1_80sp_2h100C_x10_4 [Published].jpg
62,6.597101871,1.444988638,28.55802018,22.13778671,0.63106565,1.473541158,6.097269314,0.959470029,20.98155658,8.834747249,-0.830777439,2.201362636,4,_PBD_1_80sp_30min100C_x10_2 [Published].jpg
63,6.798991255,1.655747808,33.40979626,20.14381526,-0.227394452,1.678110649,6.219216253,0.915984644,22.29095393,7.984358312,-0.032983249,1.357224178,4,_PBD_1_=80sp_1h100C_x10_3 [Published].jpg
