,grayscale_ent,grayscale_ent_devN2,grayscale_std,grayscale_std_devN2,grayscale_skew,grayscale_skew_devN2,saturation_ent,saturation_ent_devN2,saturation_std,saturation_std_devN2,saturation_skew,saturation_skew_devN2,labels,file_names
0,6.665904224615647,1.319607165001824,30.264353854342662,32.493138284325155,1.08076172937276,2.196158208417279,5.922397441641348,0.6341082272242587,17.02277358423948,6.53047088043394,-1.1042399979309712,1.6296557217132568,3,_PBD_1_80sp_19h80C_30m125C_x10_4 [Published].jpg
1,6.840114673032758,0.9399324753951938,35.255174736488364,17.28849676735942,0.6403689977854256,1.556532462271448,6.519523400499852,0.24322184871975588,23.996944937672833,4.421811808016419,-0.012993283465937831,0.3641671020603957,3,_PBD_1_120sp_2h100C_x10_3 [Published].jpg
2,5.426415483655509,1.2510285581660239,17.721737550357663,12.993006894083239,3.061381730093925,2.6702122674290316,5.182495009775078,0.8183207753533096,10.547424664194997,4.883806566365075,-1.2943733726123028,1.5335592557380855,3,_PBD_1_80sp_2m100C_x10_1 [Published].jpg
3,5.6200567284513845,1.2525553959851712,24.641445353645278,13.529182434428092,1.896602102026862,2.352221823755141,5.263797050434163,0.8136685698767344,15.131156377012973,7.122726679677817,-1.5688809364464493,1.2012083491278274,3,_PBD_1_80sp_5m100C_x10_3 [Published].jpg
4,5.608504316404895,1.754347081785581,20.133869444479757,25.97871700777084,2.579281483332189,3.4372373952410054,5.341994550750241,0.8292017079247789,12.071456555578303,9.39137512544785,-1.3996518541220861,1.1719006262525713,3,_PBD_1_80sp_2m100C_x10_3 [Published].jpg
5,6.331427246099136,1.597659211538641,26.17600394647584,30.156023517268675,1.5855089000106761,1.2665856976851293,6.372051882020493,0.3576536950793353,21.040955390165205,6.718357155862891,0.20704406455222818,0.40492338566799885,3,_PBD_1_120sp_20m100C_x10_4 [Published].jpg
6,6.529430551413584,0.8306496161813133,24.03887084135884,14.147151779165371,0.7063940700290712,0.6395111961596729,6.408581508622247,0.3543361192637477,21.54748844571333,4.044542143867618,0.1870354146224913,0.5375960722306437,3,_PBD_1_160sp_2h100C_x10_2 [Published].jpg
7,6.536755603498107,1.6438276454974279,32.79806811407529,34.076084617312254,1.243467664284803,2.2830995316519958,6.4130143604201475,0.3383015430432191,22.04067670275348,5.731955898099491,0.20278333168099785,0.31372569654390364,3,_PBD_1_=120sp_1h100C_x10_1 [Published].jpg
8,6.323445405449059,1.3971460719908757,30.241373813133826,18.620984486350913,1.3637111254663,1.75582731259751,5.9502338425328105,0.45951069593710586,16.29148239826604,4.571424712632777,-0.18539324226846027,0.6966754455708974,3,_PBD_1_80sp_3m100C_x10_3 [Published].jpg
9,6.323891253044256,0.4739907768786335,23.723871555163793,11.907184944537166,1.6431019328380794,1.4304918009337582,5.715391079753829,0.5005784220012282,16.911544289358627,5.710171244348844,-1.7502348716475917,0.7909297263029572,3,_PBD_1_80sp_20m100C_x10_2 [Published].jpg
10,6.65188486064533,1.4305388625456055,35.967882720070605,26.472922503752095,0.9102668780120238,2.552121713491716,6.414541843601138,0.3322787873007065,22.21995752508752,5.488670799523842,0.24277026406873317,0.52242386247658,3,_PBD_1_=120sp_1h100C_x10_2 [Published].jpg
11,6.714303079453208,0.5882127154529886,27.349090219198995,11.359387735393696,0.4459658602842475,0.6256131566023333,6.430102738272903,0.6411041837191437,24.363910828911507,11.509407263763904,0.7471754582169072,1.089091909142958,3,_PBD_1_160sp_30min100C_x10_3 [Published].jpg
12,5.429005266175792,1.2766200825543015,20.289065426455952,17.55945768473054,2.338304954380666,1.457251523816408,5.229730804753149,0.9243658810497514,13.431699887301113,7.1868819737085134,-1.5988834175069284,1.7164831668783433,3,_PBD_1_80sp_5m100C_x10_1 [Published].jpg
13,5.376246236713909,1.130748408879095,18.299936136848306,13.61224815424668,3.0648354323464004,2.4890303522952406,5.128321868769664,0.6597426806481402,10.82605323779176,5.365387505216533,-1.6251453888119305,1.5245489278021267,3,_PBD_1_80sp_2m100C_x10_2 [Published].jpg
14,6.701553001922845,1.7818588910808972,34.52544258188086,30.400124593190384,0.9040781847994124,1.7089741621727772,6.410438704485023,0.32405973330186205,22.455943868116957,5.524125117837652,0.21372229255624733,0.5489628985100938,3,_PBD_1_=120sp_1h100C_x10_3 [Published].jpg
15,6.784511121398202,0.6817568994523272,29.593236225423297,7.404325462685359,0.4285743877409329,0.9980456942958531,6.183461443085269,0.2586786806759797,19.99319285943373,2.4142940558101618,-0.8228588417873524,0.7312857676077889,3,_PBD_1_80sp_19h80C_30m125C_x10_5 [Published].jpg
16,5.308554188987243,1.4743111200893169,22.002617451419663,23.604308309968005,2.768618968452821,2.4020657134296197,4.989548803513312,0.5367045724856291,12.591411902346463,8.525211781154063,-2.1030913140263587,1.3602519321482338,3,_PBD_1_80sp_5m100C_x10_2 [Published].jpg
17,6.620207922041303,1.2326860496477845,33.12981701398875,11.190647556886525,1.0770362843307748,1.4289273709426795,6.06998462065388,0.400548202379507,17.208410319892888,3.962249706648252,0.2930542361793643,0.626737234948598,3,_PBD_1_80sp_10m100C_x10_3 [Published].jpg
18,6.625767329238835,1.0510358565416982,29.051509284622785,15.635001825462313,0.9004710602366433,0.915362463602604,6.016392967872031,0.39875658481539306,17.172294211724427,3.724067864849608,-0.11101420173845562,0.6227208889317493,3,_PBD_1_80sp_10m100C_x10_4 [Published].jpg
19,5.818302631720246,1.835120688038338,21.23119765303069,23.408089945137224,2.5144811206924684,2.945250795792316,5.494235970028737,1.0127727665596615,12.193255963825347,8.493283234938657,-0.7685333097553769,1.1436418755156907,3,_PBD_1_80sp_3m100C_x10_1 [Published].jpg
20,6.39157107805667,1.0342784262915121,24.368354813404384,14.028430928406191,1.1029616458168638,0.7154714331963478,6.462085995277195,0.16227100595123187,23.203726239403306,3.602949586475973,-0.03998897339434333,0.3610268316208111,3,_PBD_1_120sp_2h100C_x10_4 [Published].jpg
21,5.334649729010847,1.0588047610609215,19.28481442078935,12.780644339729111,2.5147027724863396,1.5838071261800961,5.142693547116292,0.6924454009769406,13.133611952086381,6.543414809968649,-1.8778379003558812,1.4960650493076326,3,_PBD_1_80sp_5m100C_x10_4 [Published].jpg
22,5.843757039167403,1.5387073517942098,23.628614899475068,23.1953475488981,2.320343760551961,2.2853028022873016,5.421481213998613,0.8306146626090652,12.703739288856907,9.378488023975363,-1.1187400529686158,0.7107779481600707,3,_PBD_1_80sp_3m100C_x10_2 [Published].jpg
23,6.4118117148466895,1.0683908027575044,27.414489952626827,20.884938748033353,1.2589380534917363,1.2964262010654253,5.823983178951632,0.8343828444713365,18.71061666247389,8.75892036875453,-1.3667983883458568,1.8412282884703572,3,_PBD_1_80sp_20m100C_x10_3 [Published].jpg
24,5.878039742696088,2.0392900882245564,31.220201491472405,30.40748365801716,1.7238171014199961,3.264858317148964,5.790351223476197,1.1415717695628338,15.875021913121945,10.09977126185054,-0.623488003890259,1.594369044990645,3,_PBD_1_80sp_3m100C_x10_4 [Published].jpg
25,5.3606881042255905,0.9081112531327791,10.308374204071622,6.199000486348063,0.6907201309519215,0.7530027563570265,6.178657475508745,0.1883152186433032,19.17301952715185,3.7247211556726585,-0.8700699244404174,0.29368869296285954,1,_PBD_1_80sp_30m80C_x10_1 [Published].jpg
26,4.948776716494108,2.2385956405952814,8.320305759867809,10.557382619975064,0.540103743768601,1.14406707533686,3.920245324381545,0.30024266139815303,3.6748062773702865,0.7616792016800534,0.14456205038850947,0.40502585897870136,0,_PBD_1_160sp_x10_1 [Published].jpg
27,4.3451960888107255,1.6105378919536852,5.19665025301108,4.973318198730253,0.6023806086036172,1.391951365103789,4.09675181632079,0.5659001205654897,4.159462090932247,1.5137148636329185,-0.23404707512221276,0.4461982251318539,0,_PBD_1_120sp_x10_1 [Published].jpg
28,4.571166897264502,1.916213788554722,6.145754321004448,6.724259027040369,0.5427795436874603,1.3754443131061689,3.9060383094783515,0.47279691875859325,3.647591263322564,1.1015890996351005,-0.24213573149774284,0.5849519671370531,0,_PBD_1_80sp_x10_1 [Published].jpg
29,5.26165029880598,2.5686717160803405,10.749935365964904,14.969798658367912,0.6436769078502407,1.3599669845037963,4.387441839294326,0.369516221452333,5.146367886504537,1.2828708726427955,-0.4817694991815073,1.038391628473263,0,_PBD_1_120sp_x100_2 [Published].jpg
30,6.67198632728381,1.442960746471667,33.627503658000634,14.502732085294426,0.19716491262217706,1.4434982660057205,6.052518692892628,0.47469172989614233,21.589102580622747,3.428229483232884,-0.27512780195935616,1.1011944086926226,4,_PBD_1_80sp_20m100C_x10_4 [Published].jpg
31,6.4452767857122595,1.2744964369061758,26.71194302399269,26.52691916675737,0.924455347134385,1.76805054651634,6.107001510680701,0.5200005541872647,19.609665793131636,5.329645996966554,-0.9171941337451663,1.187201264407558,4,_PBD_1_80sp_19h80C_30m125C_x10_2 [Published].jpg
32,6.674676608259471,2.0922688766195643,33.093166472674845,24.691370434918067,-0.7275717586882815,2.0508285607649803,6.00517460825315,1.5176742178752232,19.47110731517027,10.301501533822428,0.38582352280508453,1.1909638559792968,4,_PBD_1_120sp_2h100C_x10_2 [Published].jpg
33,6.379058792961455,1.627305789370047,26.480619997762375,14.424107991777506,-0.80135882319264,0.9747413869859914,5.853694488763857,0.7933071372094166,18.250144300832176,5.79400509484974,0.1751991901088449,0.5882765822200499,4,_PBD_1_80sp_2h100C_x10_2 [Published].jpg
34,6.564103179078786,1.8076493437891314,36.114176287026126,18.542746819026213,0.3577469357804998,2.0948763713731857,5.960765009726669,0.5514493619382059,21.499927846495737,7.663456710613174,0.1491143873544061,1.5595343161353938,4,_PBD_1_80sp_10m100C_x10_1 [Published].jpg
35,6.784088566461708,0.8603866877250649,29.340196979711333,13.734103118827921,0.22249162611901915,0.8596523798630785,6.3815434582984105,0.28467042673158244,21.51514625491121,4.946986883105689,-0.5181546954439302,0.2616022352806244,4,_PBD_1_80sp_20m125C_x10_1 [Published].jpg
36,6.660236497221462,1.544693332192591,31.2298676369417,21.490762112366312,0.06854539174005135,2.974310634915609,6.043839752296733,1.3578097891510208,17.369500804434235,10.881852150592536,-0.3343775868157309,1.805313096052355,4,_PBD_1_80sp_19h80C_30m125C_x10_3 [Published].jpg
37,6.5308936120786285,1.2480581032532616,29.452942093999955,13.008152565540067,-0.07962003777866815,1.2712337124555126,6.23036627879328,0.5136797136859559,23.07994322055426,6.717565280375144,-0.16929988397888102,0.9263950663720109,4,_PBD_1_80sp_2h100C_x10_4 [Published].jpg
38,6.767765814710932,1.3032858639676312,31.00416844487917,15.241856839240084,-0.07713541836534094,1.2405934398022804,6.356941047103165,0.841315827113521,32.11255985042302,4.224299424923972,0.11298018024109932,1.6115736750366574,4,_PBD_1_120sp_10m100C_x10_2 [Published].jpg
39,6.670300442921024,1.0264304491608063,35.309793128303355,21.192874795692024,0.9740913883144114,1.2145524455801169,6.193314541231201,0.4046864889255917,19.04634657131177,5.783125826462335,0.3533174478358213,0.39459871900195487,4,_PBD_1_80sp_10m100C_x10_2 [Published].jpg
40,6.668832546731767,1.4512653949759518,26.796145595091872,20.72073184390802,0.08036705452131278,1.3473796938361633,6.587732136871846,0.8844039917828539,28.4584379774925,7.368659306058849,0.14109995861473906,1.97994847465234,4,_PBD_1_160sp_10m100C_x10_2 [Published].jpg
41,6.6324172361916665,1.1652748484180413,31.27458781404604,13.677860453188634,-0.023754847002233702,1.3519909229301301,6.2371444636027515,0.36253189574976896,23.075061898356996,2.8183309409570048,-0.12671182263308625,1.251261974974598,4,_PBD_1_80sp_2h100C_x10_1 [Published].jpg
42,6.633105674724135,0.9576108888582664,26.827991814852723,13.252763064226585,-0.5398402845089793,0.39350285556716486,6.624104893233086,0.5915428364468569,27.72747773938232,5.738413551560887,0.41179279328104773,0.274221439483679,4,_PBD_1_160sp_20m100C_x10_2 [Published].jpg
43,6.229369801077491,2.113359785852294,23.767806230225528,16.016013175887878,-0.9377080303377274,1.2227804392982478,6.191705404371888,1.7504165319192597,23.06970432901994,17.473619280699868,0.5573863442921105,1.492658287867483,4,_PBD_1_160sp_20m100C_x10_1 [Published].jpg
44,6.701128220567959,1.729404188933476,30.109459686690013,22.29873992809928,0.5199364777999788,2.4514596831575015,6.537596126879537,0.19355139306075161,23.495536413822983,2.7354427623220694,-0.12110485304152574,0.4646048284362264,4,_PBD_1_120sp_2h100C_x10_1 [Published].jpg
45,6.5971018714506595,1.4449886381331574,28.558020183646832,22.137786711336744,0.6310656500944668,1.4735411580801894,6.0972693135200124,0.9594700291784823,20.98155657791184,8.834747248652898,-0.8307774391973953,2.2013626363242382,4,_PBD_1_80sp_30min100C_x10_2 [Published].jpg
46,6.6795217734247725,1.5652645700596919,27.588823616052505,17.339797410765957,-0.1943230436727122,1.5188881852131486,6.094233705258178,0.9734990967962417,18.736206701203066,6.817422961435068,-0.15328304874069223,1.6409180863630322,4,_PBD_1_80sp_19h80C_30m125C_x10_6 [Published].jpg
47,6.760361938236335,1.0386365256905963,27.764118873152796,13.811506570330632,-0.10059716505518916,0.7590718232811343,6.608289211685913,0.3083481313232118,29.19717093568093,5.566519418643538,0.16436919187388252,0.9332671722155701,4,_PBD_1_120sp_10m100C_x10_3 [Published].jpg
48,6.694643760631556,1.2452416806951734,28.896286673080315,19.12112155429758,0.15054318247541543,1.3973816056820458,6.2107916689003355,0.4964269189929379,19.62203443885943,4.395535401691887,-0.450474209295427,1.13246311794525,4,_PBD_1_80sp_19h80C_30m125C_x10_1 [Published].jpg
49,6.523021615728686,1.0141872544132247,23.507752072858725,11.349391964335421,0.17706127349507458,1.0002964329671624,6.516263273131306,0.6645256178265859,28.12316836563679,10.820590306144004,-0.3030085680088102,1.6910919115897234,4,_PBD_1_160sp_10m100C_x10_1 [Published].jpg
50,6.448094630606932,1.2321359113430195,28.08003535825333,12.044336214352226,-0.7696254565879976,0.6653220270445301,5.897932601261723,0.48585768877253893,19.556717271327784,4.9411186046359274,0.45894726486075105,0.5500360775297407,4,_PBD_1_80sp_2h100C_x10_3 [Published].jpg
51,6.554628014865676,0.9970326781864823,23.92608189746123,11.520446152994886,-0.1277821800408368,1.4460344311291227,6.699996079908308,0.5330297849700402,31.521736179964577,8.046899531723497,0.06304057973658117,1.563303624795876,4,_PBD_1_160sp_10m100C_x10_3 [Published].jpg
52,6.798991254518017,1.6557478079763515,33.40979626161433,20.143815255188667,-0.22739445155804697,1.6781106492209739,6.21921625264632,0.9159846442387973,22.29095393175163,7.9843583116218735,-0.032983249100510474,1.3572241775084684,4,_PBD_1_=80sp_1h100C_x10_3 [Published].jpg
53,6.231282179136098,1.3537551338157776,21.21993612243405,14.958319081195889,1.3629028862662957,1.8910678073836982,6.044720896589246,1.5402495301294237,16.60512050287729,12.383890704727817,0.046466278341433485,2.493525003744733,2,_PBD_1_160sp_19h80C_x10_3 [Published].jpg
54,5.716949683083817,0.7022078739515829,17.157390065479593,7.270256831648536,2.2555417147545778,0.261731792706345,6.338402818859245,0.23657108575788272,19.826204323623273,3.34407081377346,0.1615573075290866,0.18009633182269907,2,_PBD_1_120sp_2h80C_x10_1 [Published].jpg
55,6.686267550922212,0.6471373499981341,25.91612796771178,10.481244821821273,0.33870890269172266,0.3248311385471623,6.356424435849614,0.47354293467975983,21.44406821406132,4.720151262476666,0.10866373366059233,0.9338660549832835,2,_PBD_1_160sp_2h100C_x10_3 [Published].jpg
56,5.763634994528754,1.2776869458415214,16.467876963528564,11.063468359857383,1.7525148031461781,1.7307648718660953,5.827142052346122,0.26950821555127963,13.96934609674327,2.9835286551191524,0.35806411591880066,0.560011562321239,2,_PBD_1_160sp_6h100C_x10_1 [Published].jpg
57,5.299215098371909,1.247322361976604,16.785820891060784,10.085299325016692,3.298902921999718,3.3897445652036713,5.90181101731242,0.6839870018250285,15.820090349540177,8.219242234718568,0.8278029891586509,0.9336168329806953,2,_PBD_1_120sp_2h80C_x10_2 [Published].jpg
58,5.147339100856395,0.778560212562345,11.952668065613672,6.47933756462665,3.3739561981608253,2.4577074212308165,5.902775272690039,0.436270360193185,14.698663521606402,4.797587077900151,0.4014685274509134,0.3163049037372317,2,_PBD_1_120sp_30min100C_x10_1 [Published].jpg
59,5.116651478325635,0.85808588553284,11.12242747706748,5.732776075475677,2.3606932880928237,3.0134018441653074,4.93323617281528,1.0645829792982875,8.383442933477703,4.785024946152354,1.4366851517982078,4.497557086627105,2,_PBD_1_160sp_30m80C_x10_3 [Published].jpg
60,5.97561384456982,0.9823877111553008,17.60851998147079,13.724237452730442,1.4097600071293637,1.7863629739475884,5.1685437581648666,0.5959601145347233,12.835614182967344,3.9428781352323927,-2.629663577492109,1.0277007827022457,2,_PBD_1_80sp_2h80C_x10_1 [Published].jpg
61,5.278535107374839,1.4443492262819557,11.648306236627901,9.374796999780612,1.6570987176430247,2.964427236568642,4.854546306515844,1.2136245594856825,7.897155093702416,5.118241572404519,1.3341693456993582,4.517800295853434,2,_PBD_1_160sp_30m80C_x10_4 [Published].jpg
62,5.921405616399334,0.683414836461982,18.122281928825963,8.13381013132949,1.1927873140160092,1.4473921521191122,5.683212142354203,0.7675082628529873,13.004180373217803,7.096675721224304,0.7504118364844279,0.7146519474077355,2,_PBD_1_160sp_6h100C_x10_3 [Published].jpg
63,5.892741529685449,0.6227740235050325,16.89503979510717,8.253749359929035,1.1641898822181105,0.9979769085297885,5.4192748803713116,1.056250480911755,12.41631384407538,5.759374378810079,-0.4911152470751626,1.7425683161050414,2,_PBD_1_160sp_2h80C_x10_3 [Published].jpg
